id,name,read,pattern,sequence,feature_type
HTO-1,HTO-1,R2,^(BC),TTCCTGCCATTACTA,Antibody Capture
HTO-2,HTO-2,R2,^(BC),CCGTACCTCATTGTT,Antibody Capture
HTO-3,HTO-3,R2,^(BC),GGTAGATGTCCTCAG,Antibody Capture
HTO-4,HTO-4,R2,^(BC),TGGTGTCATTCTTGA,Antibody Capture
HTO-5,HTO-5,R2,^(BC),ATGATGAACAGCCAG,Antibody Capture
HTO-6,HTO-6,R2,^(BC),CTCGAACGCTTATCG,Antibody Capture
HTO-7,HTO-7,R2,^(BC),CTTATCACCGCTCAA,Antibody Capture
HTO-8,HTO-8,R2,^(BC),TGACGCCGTTGTTGT,Antibody Capture
HTO-9,HTO-9,R2,^(BC),GCCTAGTATGATCCA,Antibody Capture
HTO-10,HTO-10,R2,^(BC),AGTCACAGTATTCCA,Antibody Capture
HTO-11,HTO-11,R2,^(BC),TTGGCCTTTGTATCG,Antibody Capture
HTO-12,HTO-12,R2,^(BC),AACGCCAGTATGAAC,Antibody Capture
HTO-13,HTO-13,R2,^(BC),GCTTCCGTATATCTG,Antibody Capture
HTO-14,HTO-14,R2,^(BC),AGCAACTCACTCTTT,Antibody Capture
HTO-15,HTO-15,R2,^(BC),CACTAGAGCTTGGAT,Antibody Capture